Distance,Rh-Rh,Rh-C,Rh-O,Rh-P,Rh-H,Rh-Br,Rh-F,Rh-Cl,Rh-S,Rh-N,C-Rh,O-Rh,P-Rh,H-Rh,Br-Rh,F-Rh,Cl-Rh,S-Rh,N-Rh
0.0,0.0,0.04957355376743703,0.002640385568656748,1.9917959498871495e-05,0.05208533797218894,0.0,0.0,0.0,0.0,0.004071308934285907,0.04957355376743703,0.002640385568656748,1.9917959498871495e-05,0.05208533797218894,0.0,0.0,0.0,0.0,0.004071308934285907
0.050505050505050504,0.0,0.10989057780762523,0.007136878006216858,0.00012928582096058134,0.09942641226668371,0.0,0.0,0.0,0.0,0.006936896139584974,0.10989057780762523,0.007136878006216858,0.00012928582096058134,0.09942641226668371,0.0,0.0,0.0,0.0,0.006936896139584974
0.10101010101010101,0.0,0.19855557519678774,0.01566795347461565,0.000654536718595216,0.1561943516636857,0.0,0.0,0.0,0.0,0.009207405401365141,0.19855557519678774,0.01566795347461565,0.000654536718595216,0.1561943516636857,0.0,0.0,0.0,0.0,0.009207405401365141
0.15151515151515152,0.0,0.2940354151362242,0.028205329072049635,0.002585186255663482,0.20717525875190163,0.0,0.0,0.0,0.0,0.009520659600289052,0.2940354151362242,0.028205329072049635,0.002585186255663482,0.20717525875190163,0.0,0.0,0.0,0.0,0.009520659600289052
0.20202020202020202,0.0,0.35901175171784167,0.041940116623933855,0.007967296896422211,0.23969741261179162,0.0,0.0,0.0,0.0,0.007669313405520544,0.35901175171784167,0.041940116623933855,0.007967296896422211,0.23969741261179162,0.0,0.0,0.0,0.0,0.007669313405520544
0.25252525252525254,0.0,0.36481094236718736,0.051654451329732426,0.01916307437260879,0.24897194190991415,0.0,0.0,0.0,0.0,0.00481274378774653,0.36481094236718736,0.051654451329732426,0.01916307437260879,0.24897194190991415,0.0,0.0,0.0,0.0,0.00481274378774653
0.30303030303030304,0.0,0.3152281383655066,0.05255318602121339,0.03597604072154064,0.2342066410361145,0.0,0.0,0.0,0.0,0.0023526021207949587,0.3152281383655066,0.05255318602121339,0.03597604072154064,0.2342066410361145,0.0,0.0,0.0,0.0,0.0023526021207949587
0.35353535353535354,0.0,0.2436207306139522,0.04385513342136411,0.05272278469980284,0.19640685219149498,0.0,0.0,0.0,0.0,0.0008957415919984564,0.2436207306139522,0.04385513342136411,0.05272278469980284,0.19640685219149498,0.0,0.0,0.0,0.0,0.0008957415919984564
0.40404040404040403,0.0,0.18365160621590512,0.02974093566500066,0.06031781643761415,0.14360869760921172,0.0,0.0,0.0,0.0,0.0002656085609609243,0.18365160621590512,0.02974093566500066,0.06031781643761415,0.14360869760921172,0.0,0.0,0.0,0.0,0.0002656085609609243
0.45454545454545453,0.0,0.14461508226853406,0.01624006650403954,0.053871950104562125,0.09258598584700935,0.0,0.0,0.0,0.0,6.13284563340837e-05,0.14461508226853406,0.01624006650403954,0.053871950104562125,0.09258598584700935,0.0,0.0,0.0,0.0,6.13284563340837e-05
0.5050505050505051,0.0,0.11531007759960359,0.007083731543224806,0.0375611523705484,0.05941386291446144,0.0,0.0,0.0,0.0,1.1024753507814305e-05,0.11531007759960359,0.007083731543224806,0.0375611523705484,0.05941386291446144,0.0,0.0,0.0,0.0,1.1024753507814305e-05
0.5555555555555556,0.0,0.08476828153863979,0.0024527010997321503,0.02044304584934526,0.048106372665883725,0.0,0.0,0.0,0.0,1.542699660814526e-06,0.08476828153863979,0.0024527010997321503,0.02044304584934526,0.048106372665883725,0.0,0.0,0.0,0.0,1.542699660814526e-06
0.6060606060606061,0.0,0.05339736366881786,0.0006709190431817432,0.008684341808123502,0.04925039198131675,0.0,0.0,0.0,0.0,1.680012853895235e-07,0.05339736366881786,0.0006709190431817432,0.008684341808123502,0.04925039198131675,0.0,0.0,0.0,0.0,1.680012853895235e-07
0.6565656565656566,0.0,0.027763514607907387,0.00014447787872498918,0.0028790610152419956,0.049178131052071285,0.0,0.0,0.0,0.0,1.4235468217298127e-08,0.027763514607907387,0.00014447787872498918,0.0028790610152419956,0.049178131052071285,0.0,0.0,0.0,0.0,1.4235468217298127e-08
0.7070707070707071,0.0,0.01170468821004794,2.442799669303801e-05,0.0007447507509749733,0.040819865159666256,0.0,0.0,0.0,0.0,9.383521280078206e-10,0.01170468821004794,2.442799669303801e-05,0.0007447507509749733,0.040819865159666256,0.0,0.0,0.0,0.0,9.383521280078206e-10
0.7575757575757576,0.0,0.003960845500963076,3.2363276127096874e-06,0.0001502892188958124,0.0268167506445025,0.0,0.0,0.0,0.0,4.810621593328031e-11,0.003960845500963076,3.2363276127096874e-06,0.0001502892188958124,0.0268167506445025,0.0,0.0,0.0,0.0,4.810621593328031e-11
0.8080808080808081,0.0,0.001068128063511732,3.354360924797771e-07,2.3653824098144277e-05,0.013774859916562788,0.0,0.0,0.0,0.0,1.917713047759657e-12,0.001068128063511732,3.354360924797771e-07,2.3653824098144277e-05,0.013774859916562788,0.0,0.0,0.0,0.0,1.917713047759657e-12
0.8585858585858586,0.0,0.00022821934965680608,2.71650368591866e-08,2.902837182013848e-06,0.005516122801489443,0.0,0.0,0.0,0.0,5.943416282019547e-14,0.00022821934965680608,2.71650368591866e-08,2.902837182013848e-06,0.005516122801489443,0.0,0.0,0.0,0.0,5.943416282019547e-14
0.9090909090909091,0.0,3.845327153539924e-05,1.7171306337664436e-09,2.7770022691321304e-07,0.0017206916178163169,0.0,0.0,0.0,0.0,1.4311035192020799e-15,3.845327153539924e-05,1.7171306337664436e-09,2.7770022691321304e-07,0.0017206916178163169,0.0,0.0,0.0,0.0,1.4311035192020799e-15
0.9595959595959596,0.0,5.090331207042915e-06,8.46471350154267e-11,2.070340903039749e-08,0.00041798731122429897,0.0,0.0,0.0,0.0,2.8911182206102617e-17,5.090331207042915e-06,8.46471350154267e-11,2.070340903039749e-08,0.00041798731122429897,0.0,0.0,0.0,0.0,2.8911182206102617e-17
1.0101010101010102,0.0,5.278865807249305e-07,3.251770763040289e-12,1.20253194397009e-09,7.905433082989384e-05,0.0,0.0,0.0,0.0,0.0,5.278865807249305e-07,3.251770763040289e-12,1.20253194397009e-09,7.905433082989384e-05,0.0,0.0,0.0,0.0,0.0
1.0606060606060606,0.0,4.2792885980973014e-08,9.728612812353531e-14,5.440222937958772e-11,1.1638766546019921e-05,0.0,0.0,0.0,0.0,0.0,4.2792885980973014e-08,9.728612812353531e-14,5.440222937958772e-11,1.1638766546019921e-05,0.0,0.0,0.0,0.0,0.0
1.1111111111111112,0.0,2.7072695265999867e-09,2.269527803179056e-15,1.9164066237137184e-12,1.3335832179039377e-06,0.0,0.0,0.0,0.0,0.0,2.7072695265999867e-09,2.269527803179056e-15,1.9164066237137184e-12,1.3335832179039377e-06,0.0,0.0,0.0,0.0,0.0
1.1616161616161615,0.0,1.335033106290311e-10,4.336677330915393e-17,5.253161806848846e-14,1.1889806686263816e-07,0.0,0.0,0.0,0.0,0.0,1.335033106290311e-10,4.336677330915393e-17,5.253161806848846e-14,1.1889806686263816e-07,0.0,0.0,0.0,0.0,0.0
1.2121212121212122,0.0,5.1269355853370025e-12,0.0,1.0986249238318995e-15,8.246663023538488e-09,0.0,0.0,0.0,0.0,0.0,5.1269355853370025e-12,0.0,1.0986249238318995e-15,8.246663023538488e-09,0.0,0.0,0.0,0.0,0.0
1.2626262626262625,0.0,1.532292656923439e-13,0.0,2.891118220610262e-17,4.448738229593535e-10,0.0,0.0,0.0,0.0,0.0,1.532292656923439e-13,0.0,2.891118220610262e-17,4.448738229593535e-10,0.0,0.0,0.0,0.0,0.0
1.3131313131313131,0.0,3.556075411350622e-15,0.0,0.0,1.866193682458159e-11,0.0,0.0,0.0,0.0,0.0,3.556075411350622e-15,0.0,0.0,1.866193682458159e-11,0.0,0.0,0.0,0.0,0.0
1.3636363636363635,0.0,5.782236441220525e-17,0.0,0.0,6.086382078028725e-13,0.0,0.0,0.0,0.0,0.0,5.782236441220525e-17,0.0,0.0,6.086382078028725e-13,0.0,0.0,0.0,0.0,0.0
1.4141414141414141,0.0,0.0,0.0,0.0,1.5409660115852695e-14,0.0,0.0,0.0,0.0,0.0,0.0,0.0,0.0,1.5409660115852695e-14,0.0,0.0,0.0,0.0,0.0
1.4646464646464645,0.0,0.0,0.0,0.0,3.1802300426712883e-16,0.0,0.0,0.0,0.0,0.0,0.0,0.0,0.0,3.1802300426712883e-16,0.0,0.0,0.0,0.0,0.0
1.5151515151515151,0.0,0.0,0.0,0.0,0.0,0.0,0.0,0.0,0.0,0.0,0.0,0.0,0.0,0.0,0.0,0.0,0.0,0.0,0.0
1.5656565656565655,0.0,0.0,0.0,0.0,0.0,0.0,0.0,0.0,0.0,0.0,0.0,0.0,0.0,0.0,0.0,0.0,0.0,0.0,0.0
1.6161616161616161,0.0,0.0,0.0,0.0,0.0,0.0,0.0,0.0,0.0,0.0,0.0,0.0,0.0,0.0,0.0,0.0,0.0,0.0,0.0
1.6666666666666667,0.0,0.0,0.0,0.0,0.0,0.0,0.0,0.0,0.0,0.0,0.0,0.0,0.0,0.0,0.0,0.0,0.0,0.0,0.0
1.7171717171717171,0.0,0.0,0.0,0.0,0.0,0.0,0.0,0.0,0.0,0.0,0.0,0.0,0.0,0.0,0.0,0.0,0.0,0.0,0.0
1.7676767676767677,0.0,0.0,0.0,0.0,0.0,0.0,0.0,0.0,0.0,0.0,0.0,0.0,0.0,0.0,0.0,0.0,0.0,0.0,0.0
1.8181818181818181,0.0,0.0,0.0,0.0,0.0,0.0,0.0,0.0,0.0,0.0,0.0,0.0,0.0,0.0,0.0,0.0,0.0,0.0,0.0
1.8686868686868687,0.0,0.0,0.0,0.0,0.0,0.0,0.0,0.0,0.0,0.0,0.0,0.0,0.0,0.0,0.0,0.0,0.0,0.0,0.0
1.9191919191919191,0.0,0.0,0.0,0.0,0.0,0.0,0.0,0.0,0.0,0.0,0.0,0.0,0.0,0.0,0.0,0.0,0.0,0.0,0.0
1.9696969696969697,0.0,0.0,0.0,0.0,0.0,0.0,0.0,0.0,0.0,0.0,0.0,0.0,0.0,0.0,0.0,0.0,0.0,0.0,0.0
2.0202020202020203,0.0,0.0,0.0,0.0,0.0,0.0,0.0,0.0,0.0,0.0,0.0,0.0,0.0,0.0,0.0,0.0,0.0,0.0,0.0
2.0707070707070705,0.0,0.0,0.0,0.0,0.0,0.0,0.0,0.0,0.0,0.0,0.0,0.0,0.0,0.0,0.0,0.0,0.0,0.0,0.0
2.121212121212121,0.0,0.0,0.0,0.0,0.0,0.0,0.0,0.0,0.0,0.0,0.0,0.0,0.0,0.0,0.0,0.0,0.0,0.0,0.0
2.1717171717171717,0.0,0.0,0.0,0.0,0.0,0.0,0.0,0.0,0.0,0.0,0.0,0.0,0.0,0.0,0.0,0.0,0.0,0.0,0.0
2.2222222222222223,0.0,0.0,0.0,0.0,0.0,0.0,0.0,0.0,0.0,0.0,0.0,0.0,0.0,0.0,0.0,0.0,0.0,0.0,0.0
2.2727272727272725,0.0,0.0,0.0,0.0,0.0,0.0,0.0,0.0,0.0,0.0,0.0,0.0,0.0,0.0,0.0,0.0,0.0,0.0,0.0
2.323232323232323,0.0,0.0,0.0,0.0,0.0,0.0,0.0,0.0,0.0,0.0,0.0,0.0,0.0,0.0,0.0,0.0,0.0,0.0,0.0
2.3737373737373737,0.0,0.0,0.0,0.0,0.0,0.0,0.0,0.0,0.0,0.0,0.0,0.0,0.0,0.0,0.0,0.0,0.0,0.0,0.0
2.4242424242424243,0.0,0.0,0.0,0.0,0.0,0.0,0.0,0.0,0.0,0.0,0.0,0.0,0.0,0.0,0.0,0.0,0.0,0.0,0.0
2.474747474747475,0.0,0.0,0.0,0.0,0.0,0.0,0.0,0.0,0.0,0.0,0.0,0.0,0.0,0.0,0.0,0.0,0.0,0.0,0.0
2.525252525252525,0.0,0.0,0.0,0.0,0.0,0.0,0.0,0.0,0.0,0.0,0.0,0.0,0.0,0.0,0.0,0.0,0.0,0.0,0.0
2.5757575757575757,0.0,0.0,0.0,0.0,0.0,0.0,0.0,0.0,0.0,0.0,0.0,0.0,0.0,0.0,0.0,0.0,0.0,0.0,0.0
2.6262626262626263,0.0,0.0,0.0,0.0,0.0,0.0,0.0,0.0,0.0,0.0,0.0,0.0,0.0,0.0,0.0,0.0,0.0,0.0,0.0
2.676767676767677,0.0,0.0,0.0,0.0,0.0,0.0,0.0,0.0,0.0,0.0,0.0,0.0,0.0,0.0,0.0,0.0,0.0,0.0,0.0
2.727272727272727,0.0,0.0,0.0,0.0,0.0,0.0,0.0,0.0,0.0,0.0,0.0,0.0,0.0,0.0,0.0,0.0,0.0,0.0,0.0
2.7777777777777777,0.0,0.0,0.0,0.0,0.0,0.0,0.0,0.0,0.0,0.0,0.0,0.0,0.0,0.0,0.0,0.0,0.0,0.0,0.0
2.8282828282828283,0.0,0.0,0.0,0.0,0.0,0.0,0.0,0.0,0.0,0.0,0.0,0.0,0.0,0.0,0.0,0.0,0.0,0.0,0.0
2.878787878787879,0.0,0.0,0.0,0.0,0.0,0.0,0.0,0.0,0.0,0.0,0.0,0.0,0.0,0.0,0.0,0.0,0.0,0.0,0.0
2.929292929292929,0.0,0.0,0.0,0.0,0.0,0.0,0.0,0.0,0.0,0.0,0.0,0.0,0.0,0.0,0.0,0.0,0.0,0.0,0.0
2.9797979797979797,0.0,0.0,0.0,0.0,0.0,0.0,0.0,0.0,0.0,0.0,0.0,0.0,0.0,0.0,0.0,0.0,0.0,0.0,0.0
3.0303030303030303,0.0,0.0,0.0,0.0,0.0,0.0,0.0,0.0,0.0,0.0,0.0,0.0,0.0,0.0,0.0,0.0,0.0,0.0,0.0
3.080808080808081,0.0,0.0,0.0,0.0,0.0,0.0,0.0,0.0,0.0,0.0,0.0,0.0,0.0,0.0,0.0,0.0,0.0,0.0,0.0
3.131313131313131,0.0,0.0,0.0,0.0,0.0,0.0,0.0,0.0,0.0,0.0,0.0,0.0,0.0,0.0,0.0,0.0,0.0,0.0,0.0
3.1818181818181817,0.0,0.0,0.0,0.0,0.0,0.0,0.0,0.0,0.0,0.0,0.0,0.0,0.0,0.0,0.0,0.0,0.0,0.0,0.0
3.2323232323232323,0.0,0.0,0.0,0.0,0.0,0.0,0.0,0.0,0.0,0.0,0.0,0.0,0.0,0.0,0.0,0.0,0.0,0.0,0.0
3.282828282828283,0.0,0.0,0.0,0.0,0.0,0.0,0.0,0.0,0.0,0.0,0.0,0.0,0.0,0.0,0.0,0.0,0.0,0.0,0.0
3.3333333333333335,0.0,0.0,0.0,0.0,0.0,0.0,0.0,0.0,0.0,0.0,0.0,0.0,0.0,0.0,0.0,0.0,0.0,0.0,0.0
3.3838383838383836,0.0,0.0,0.0,0.0,0.0,0.0,0.0,0.0,0.0,0.0,0.0,0.0,0.0,0.0,0.0,0.0,0.0,0.0,0.0
3.4343434343434343,0.0,0.0,0.0,0.0,0.0,0.0,0.0,0.0,0.0,0.0,0.0,0.0,0.0,0.0,0.0,0.0,0.0,0.0,0.0
3.484848484848485,0.0,0.0,0.0,0.0,0.0,0.0,0.0,0.0,0.0,0.0,0.0,0.0,0.0,0.0,0.0,0.0,0.0,0.0,0.0
3.5353535353535355,0.0,0.0,0.0,0.0,0.0,0.0,0.0,0.0,0.0,0.0,0.0,0.0,0.0,0.0,0.0,0.0,0.0,0.0,0.0
3.5858585858585856,0.0,0.0,0.0,0.0,0.0,0.0,0.0,0.0,0.0,0.0,0.0,0.0,0.0,0.0,0.0,0.0,0.0,0.0,0.0
3.6363636363636362,0.0,0.0,0.0,0.0,0.0,0.0,0.0,0.0,0.0,0.0,0.0,0.0,0.0,0.0,0.0,0.0,0.0,0.0,0.0
3.686868686868687,0.0,0.0,0.0,0.0,0.0,0.0,0.0,0.0,0.0,0.0,0.0,0.0,0.0,0.0,0.0,0.0,0.0,0.0,0.0
3.7373737373737375,0.0,0.0,0.0,0.0,0.0,0.0,0.0,0.0,0.0,0.0,0.0,0.0,0.0,0.0,0.0,0.0,0.0,0.0,0.0
3.7878787878787876,0.0,0.0,0.0,0.0,0.0,0.0,0.0,0.0,0.0,0.0,0.0,0.0,0.0,0.0,0.0,0.0,0.0,0.0,0.0
3.8383838383838382,0.0,0.0,0.0,0.0,0.0,0.0,0.0,0.0,0.0,0.0,0.0,0.0,0.0,0.0,0.0,0.0,0.0,0.0,0.0
3.888888888888889,0.0,0.0,0.0,0.0,0.0,0.0,0.0,0.0,0.0,0.0,0.0,0.0,0.0,0.0,0.0,0.0,0.0,0.0,0.0
3.9393939393939394,0.0,0.0,0.0,0.0,0.0,0.0,0.0,0.0,0.0,0.0,0.0,0.0,0.0,0.0,0.0,0.0,0.0,0.0,0.0
3.9898989898989896,0.0,0.0,0.0,0.0,0.0,0.0,0.0,0.0,0.0,0.0,0.0,0.0,0.0,0.0,0.0,0.0,0.0,0.0,0.0
4.040404040404041,0.0,0.0,0.0,0.0,0.0,0.0,0.0,0.0,0.0,0.0,0.0,0.0,0.0,0.0,0.0,0.0,0.0,0.0,0.0
4.090909090909091,0.0,0.0,0.0,0.0,0.0,0.0,0.0,0.0,0.0,0.0,0.0,0.0,0.0,0.0,0.0,0.0,0.0,0.0,0.0
4.141414141414141,0.0,0.0,0.0,0.0,0.0,0.0,0.0,0.0,0.0,0.0,0.0,0.0,0.0,0.0,0.0,0.0,0.0,0.0,0.0
4.191919191919192,0.0,0.0,0.0,0.0,0.0,0.0,0.0,0.0,0.0,0.0,0.0,0.0,0.0,0.0,0.0,0.0,0.0,0.0,0.0
4.242424242424242,0.0,0.0,0.0,0.0,0.0,0.0,0.0,0.0,0.0,0.0,0.0,0.0,0.0,0.0,0.0,0.0,0.0,0.0,0.0
4.292929292929293,0.0,0.0,0.0,0.0,0.0,0.0,0.0,0.0,0.0,0.0,0.0,0.0,0.0,0.0,0.0,0.0,0.0,0.0,0.0
4.343434343434343,0.0,0.0,0.0,0.0,0.0,0.0,0.0,0.0,0.0,0.0,0.0,0.0,0.0,0.0,0.0,0.0,0.0,0.0,0.0
4.393939393939394,0.0,0.0,0.0,0.0,0.0,0.0,0.0,0.0,0.0,0.0,0.0,0.0,0.0,0.0,0.0,0.0,0.0,0.0,0.0
4.444444444444445,0.0,0.0,0.0,0.0,0.0,0.0,0.0,0.0,0.0,0.0,0.0,0.0,0.0,0.0,0.0,0.0,0.0,0.0,0.0
4.494949494949495,0.0,0.0,0.0,0.0,0.0,0.0,0.0,0.0,0.0,0.0,0.0,0.0,0.0,0.0,0.0,0.0,0.0,0.0,0.0
4.545454545454545,0.0,0.0,0.0,0.0,0.0,0.0,0.0,0.0,0.0,0.0,0.0,0.0,0.0,0.0,0.0,0.0,0.0,0.0,0.0
4.595959595959596,0.0,0.0,0.0,0.0,0.0,0.0,0.0,0.0,0.0,0.0,0.0,0.0,0.0,0.0,0.0,0.0,0.0,0.0,0.0
4.646464646464646,0.0,0.0,0.0,0.0,0.0,0.0,0.0,0.0,0.0,0.0,0.0,0.0,0.0,0.0,0.0,0.0,0.0,0.0,0.0
4.696969696969697,0.0,0.0,0.0,0.0,0.0,0.0,0.0,0.0,0.0,0.0,0.0,0.0,0.0,0.0,0.0,0.0,0.0,0.0,0.0
4.747474747474747,0.0,0.0,0.0,0.0,0.0,0.0,0.0,0.0,0.0,0.0,0.0,0.0,0.0,0.0,0.0,0.0,0.0,0.0,0.0
4.797979797979798,0.0,0.0,0.0,0.0,0.0,0.0,0.0,0.0,0.0,0.0,0.0,0.0,0.0,0.0,0.0,0.0,0.0,0.0,0.0
4.848484848484849,0.0,0.0,0.0,0.0,0.0,0.0,0.0,0.0,0.0,0.0,0.0,0.0,0.0,0.0,0.0,0.0,0.0,0.0,0.0
4.898989898989899,0.0,0.0,0.0,0.0,0.0,0.0,0.0,0.0,0.0,0.0,0.0,0.0,0.0,0.0,0.0,0.0,0.0,0.0,0.0
4.94949494949495,0.0,0.0,0.0,0.0,0.0,0.0,0.0,0.0,0.0,0.0,0.0,0.0,0.0,0.0,0.0,0.0,0.0,0.0,0.0
5.0,0.0,0.0,0.0,0.0,0.0,0.0,0.0,0.0,0.0,0.0,0.0,0.0,0.0,0.0,0.0,0.0,0.0,0.0,0.0
